{
  "description": "项目配置文件",
  "appid": "wx5bd9978fbb55083d",
  "compileType": "miniprogram",
  "libVersion": "3.7.6",
  "packOptions": {
    "ignore": [],
    "include": []
  },
  "setting": {
    "coverView": true,
    "es6": true,
    "postcss": true,
    "minified": true,
    "enhance": true,
    "showShadowRootInWxmlPanel": true,
    "babelSetting": {
      "ignore": [],
      "disablePlugins": [],
      "outputPath": ""
    },
    "useCompilerPlugins": [
      "sass"
    ],
    "lazyloadPlaceholderEnable": true,
    "useMultiFrameRuntime": true,
    "useApiHook": true,
    "useApiHostProcess": true,
    "ignoreUploadUnusedFiles": true,
    "condition": false,
    "component2": true,
    "packNpmManually": false,
    "packNpmRelationList": [],
    "enableEngineNative": false,
    "userConfirmedBundleSwitch": false,
    "minifyWXSS": true,
    "minifyWXML": true,
    "showES6CompileOption": false,
    "useStaticServer": true,
    "checkInvalidKey": true,
    "compileHotReLoad": false,
    "useIsolateContext": true,
    "disableUseStrict": false,
    "swc": true
  },
  "condition": {},
  "editorSetting": {
    "tabIndent": "insertSpaces",
    "tabSize": 2
  },
  "projectname": "拉屎记录"
}